Content3,BandName,BandLength,SpectrometerType,Grating,Supplier,Remark,Content1,Content2,Class,FC,
,V,380-780nm,"UM, SD, SP, 
MS, SU, SH",,,"UM1280,UM2280","UM: TL03-000-000002
SD: TL03-000-000003","UM: LP570 FOR G2N
SD: LP570 FOR G61A","UM1280(R:3)/UM1380(R:3)/UM1390(R:3)
感度強化版-UM2280(R:3)/UM2380(R:3)/UM2390(R:3)",,
,VA,380-780nm,SE,900g 500nm,OM,,TL03-000-000045,"LP450-S-007-070, For TP1 FUV, V2, V4 , TP2 VB",SE2030(R:1.3)/SE2120(R:1.3)(Display Detection),,
,VB,380-780nm,HB,900g 550nm,NP,,TL03-000-000045,"LP450-S-007-070, For TP1 FUV, V2, V4 , TP2 VB",HB2034(R:8)/HB2094(R:8)(Display Detection),,
,V1,300-800nm,"SD, MS",,,"UM1380,UM2380","UM: TL03-000-000056
AM: TL03-000-000040","UM: LP570-W-001-003 For UMx3x0
AM: LP500-Q-006-008 For UMUV",,,
,V2,330-850nm,"UM, SE, SU, AA , AL",600g 500nm(for SE),SH,"UM1280,UM2280",TL03-000-000084,"LP450-S-007-070, For TP1 FUV, V2, V4 , TP2 VB",SE2030(R:1.9)/SE2080(R:1.9)/SE2120(R:1.9)(Fluorescence Detection),340-850?(P18),
,V3,400-500nm,SE,2400g VIS(OM 2400 400),OM,,TL03-000-000060,"LP360-Q-007-011C Entrance filter for V3,7,16",SE2030(R:0.5)(Gem Stone Examination),,
,V4,300-850nm,SE,300g 300nm,OM,,TL03-000-000084,"LP450-S-007-070, For TP1 FUV, V2, V4 , TP2 VB",SE2030(R:1.9)/SE2120(R:1.9)(Blood Analysis),,
,,,EE,,,,,,,,
,,,HB,,,,,,HB2034(R:2.3)(Blood Analysis),,
,V4A,300-850nm,SE,600g 300nm,SH,,TL03-000-000084,"LP450-S-007-070, For TP1 FUV, V2, V4 , TP2 VB",SE2030(R:1.9)/SE2120(R:1.9)(Blood Analysis),,
,V4B,300-850nm,"SE, EE, HB",600g 500nm,NP,,TL03-000-000084,"LP450-S-007-070, For TP1 FUV, V2, V4 , TP2 VB",SE2030(R:1.9)/SE2120(R:1.9)(Blood Analysis),,
,V4C,300-850nm,EE,300g 500nm,NP,,TL03-000-000084,"LP450-S-007-070, For TP1 FUV, V2, V4 , TP2 VB",,,
,V4D,300-850nm,HB,500g 560nm,NP,,TL03-000-000084,"LP450-S-007-070, For TP1 FUV, V2, V4 , TP2 VB",,,
,V4E,300-850nm,"HB, PH, SB",500g 330nm,NP,,TL03-000-000084,"LP450-S-007-070, For TP1 FUV, V2, V4 , TP2 VB",,,
,V5,300-400nm,SE,?,,,,?,,,
,V5A,300-400nm,EE,2400g 400nm,OM,,"TL03-000-000053(用完轉78)
TL03-000-000078","LP360-Q-007-110, For DUV3, FUV2 (SE1xxx)
LP360-S-009-040 For DUV3, DUV4, FUV1, FUV2 (SE)",,,
,V5B,300-400nm,EE,2700g 259nm,NP,,TL03-000-000078,"LP360-S-009-040 For DUV3, DUV4, FUV1, FUV2 (SE)",,,
,V6,330-900nm,AM,,,,TL03-000-000040,LP500-Q-006-008 For UMUV,,,
,V7,400-800nm,SE,900g 500nm,OM,,TL03-000-000091,"LP450-S-007-210, For TP1 V22",,,
,V7A,400-800nm,HB,900g 550nm,NP,,TL03-000-000084,"LP450-S-007-070, For TP1 FUV, V2, V4 , TP2 VB",,,
,V8,600-820nm,"SE, EE",1200g 750nm,NP,,TL03-000-000056,LP570-W-001-012 Entrance filter for NIRx (非NIRA),,,
,V8A,600-820nm,EE,1200g 600nm,NP,,TL03-000-000054,"LP500-Q-006-150, Entrance filter for V11",,,
,V9,350-750nm,SE,900g 500nm,OM,,TL03-000-000084,"LP450-S-007-070, For TP1 FUV, V2, V4 , TP2 VB",,,
,V10,680-900nm,EE,1200g 850nm,NP,,TL03-000-000046,"LP570-W-001-120, Entrance filter for NIRx (非NIRA)",,,
,V11,530-750nm,"SE, EE",1200g 600nm,NP,,TL03-000-000054,"LP500-Q-006-150, LP500 Entrance filter",,,
,V11A,530-750nm,EE,1200g 500nm,OM,,TL03-000-000054,"LP500-Q-006-150, LP500 Entrance filter",,,
,V12,300-700nm,SE,900g 500nm,OM,,TL03-000-000084,"LP450-S-007-070, For TP1 FUV, V2, V4 , TP2 VB",,,
,V13,570-880nm,"EE, HB",500g 560nm,NP,,"TL03-000-000084
TL03-000-000074","LP450-S-007-070, For TP1 FUV, V2, ; TP2 VB
LP450-Q-007-007C Entrance filter for TP2 V13, V13A",,,
,V13A,570-880nm,HB,900g 550nm,NP,,TL03-000-000074,"LP450-Q-007-007C Entrance filter for TP2 V13, V13A",,,
,V14,530-680nm,EE,1800g 500nm,NP,,TL03-000-000040,LP500-Q-006-008 For UMUV,,,
,V15,360-460nm,EE,2400g VIS(OM 2400 400),OM,,TL03-000-000060,"LP360-Q-007-011C Entrance filter for V3,7,16",,,
,V16,410-510nm,EE,2400g VIS(OM 2400 400),OM,,TL03-000-000060,"LP360-Q-007-011C Entrance filter for V3,7,16",,,
,V17,330-950nm,HB,600g 500nm,OM,,TL03-000-000033,"LP570-W-002-010, For VNIR",,,
,V18,500-720nm,SE,1200g 500nm,OM,,TL03-000-000074,"LP450-Q-007-007C Entrance filter for TP2 V13, V13A",,,
,V19,400-600nm,SE,1200g 500nm,OM,,TL03-000-000060,"LP360-Q-007-011C Entrance filter for V3,7,16",,,
,V20,390-790nm,SE,900g 500nm,OM,,TL03-000-000084,"LP450-S-007-070, For TP1 FUV, V2, V4 , TP2 VB",,,
,V21,540-850nm,HB,900g 550nm,NP,,TL03-000-000074,"LP450-Q-007-007C Entrance filter for TP2 V13, V13A",,,
,V22,370-790nm,SE,900g 500nm,OM,,TL03-000-000091,"LP450-S-007-210, For TP1 V22",,,
,V23,450-750nm,PH,300g 500nm,NP,,TL03-000-000094,LP570-S-006-230 for PH2034-DUVN2,,,
,V24,400-700nm,SE,1200g 500nm,OM,,TL03-000-000060,"LP360-Q-007-011C Entrance filter for V3,7,16",,,
,V27,350-550nm,HB,1200g 200nm,NP,,TL03-000-000078,"LP360-S-009-040 For DUV3, DUV4, FUV1, FUV2 (SE)",,,
,V28,380-800nm,SB,500g 560nm,NP,,TL03-000-000097,LP570-S-006-240 for SB_200-850nm,,,
,V29,630-850nm,EE,1200g 850nm,NP,,TL03-000-000046,"LP570-W-001-120, Entrance filter for NIRx (非NIRA)",,,
,V31,540-685nm,EE,1800g 500nm,NP,,TL03-000-000074,"LP450-Q-007-150, Entrance filter for TP2 V13, V13A",,,
,V33,450-700nm,HB,1200g 850nm,NP,,TL03-000-000060,LP360 Entrance Filter,,,
,V34,650-820nm,EE,1500g 600nm,NP,,TL03-000-000046,"LP570-W-001-120, Entrance filter for NIRx (非NIRA)",,,
,V35,530-800nm,EE,1200g 500nm,OM,,TL03-000-000074,"LP450-Q-007-007C Entrance filter for TP2 V13, V13A",,,
,V37,500-800nm,HB,900g 550nm,NP,,TL03-000-000086,"LP450-S-007-150, Entrance filter for TP2 V13, V13A",,,
,V38,300-420nm,EE,2400g 400nm,OM,,"TL03-000-000053(用完轉78)
TL03-000-000078","LP360-Q-007-110, For DUV3, FUV2 (SE1xxx)
LP360-S-009-040 For DUV3, DUV4, FUV1, FUV2 (SE)",,,
,V39,650-800nm,EE,1500g 600nm,NP,,TL03-000-000046,"LP570-W-001-120, Entrance filter for NIRx (非NIRA)",,,
"穿透式光路
VIS",V25,535-650nm,PD,1500g 600nm,NP,,"TL03-000-000021+
TL03-000-000007","Glass (EXG0.5) CCD554/S11639+
EGX 3*3*0.5 (Band Pass 鍍膜)","PD1080/2080(R:<0.1,<0.2)",,
,V26,535-565nm,PD,2400g 300nm,NP,,,,PD1050(R:<0.15),,
,V30,548-658nm,PD,1500g 600nm,NP,,"TL03-000-000021+
TL03-000-000007","Glass (EXG0.5) CCD554/S11639+
EGX 3*3*0.5 (Band Pass 鍍膜)",,,
,V32,625-818nm,"PD, MG",1000g 900nm,NP,,"TL03-000-000021+
TL03-000-000007","Glass (EXG0.5) CCD554/S11639+
EGX 3*3*0.5 (Band Pass 鍍膜)",,,
,V36,535-685nm,PD,1200g 850nm,NP,,"TL03-000-000021+
TL03-000-000007","Glass (EXG0.5) CCD554/S11639+
EGX 3*3*0.5 (Band Pass 鍍膜)",,,
,VT1,380-445nm,PD,2400g 300nm,NP,,TL03-000-000060,"LP360-Q-007-150, Entrance filter for V3,7,16",,,
,UVN,300-1000nm,"SD, SP, MS",,,,TL03-000-000003,LP570 FOR G61A,,,
,DUV,200-800nm,"SD, SP, MS, SU",,,,TL03-000-000005,LP430 FOR G61A (已全部由 LP570 FOR G61A 取代),,,
,DUV1,200-900nm,AM,,,,TL03-000-000040,LP500-Q-006-008 For UMUV,,,
,DUV2,200-850nm,"PH
SB",600g 250nm,NP,,TL03-000-000084,"LP450-S-007-070, For TP1 FUV, V2, V4 , TP2 VB",,,
,"DUV2A
(光柵效率不好，不再生產)",200-850nm,SB,500g 240nm,NP,,TL03-000-000097,LP570-S-006-240 for SB_200-850nm,,,
,DUV2B,200-850nm,SB,500g 330nm,NP,,TL03-000-000097,LP570-S-006-240 for SB_200-850nm,,,
,DUV2C,200-850nm,SB,500g 560nm,NP,,TL03-000-000097,LP570-S-006-240 for SB_200-850nm,,,
,DUV2D,200-850nm,PH,300g 300nm,OM,,TL03-000-000092,LP500-Q-006-220 for PH2034-FUVN,,,
,DUV3,200-500nm,SE,1200g 300nm,NP,,TL03-000-000078,"LP360-S-009-040 For DUV3, DUV4, FUV1, FUV2 (SE)",,,
,DUV4,250-550nm,SE,1200g 300nm,NP,,TL03-000-000078,"LP360-S-009-040 For DUV3, DUV4, FUV1, FUV2 (SE)",,,
,DUV5,200-870nm,SE,600g 300nm,SH NP OM,,TL03-000-000035,"LP450-Q-007-007 For TP1 FUV, V2, V4 ; TP2 VB",,,
,DUV6,200-600nm,SE,1000g 250nm,NP,,TL03-000-000078,"LP360-S-009-040 For DUV3, DUV4, FUV1, FUV2 (SE)",,,
,DUV7,200-400nm,SE,1800g 250nm,NP,,TL03-000-000079,"LP360-S-009-050 For FUV4, FUV5 (SE)",,,
,DUV8,270-410nm,EE,2400g 240nm,NP,,TL03-000-000078,"LP360-S-009-040 For DUV3, DUV4, FUV1, FUV2 (SE)",,,
,DUV9,200-300nm,EE,2700g 259nm,NP,,TL03-000-000068,"LP360-Q-009-050, For FUV4, FUV5 (SE)",,,
,FUV,180-850nm,"SE, EE,",600g 250nm,NP,,TL03-000-000084,"LP450-S-007-070, For TP1 FUV, V2, V4 , TP2 VB",SE2030(R:1.9)(Water Quality Analysis),,
,FUVA,180-850nm,HB,500g 330nm,NP,,"HB: TL03-000-000075
SB:  TL03-000-000097","LP450-Q-007-010 For TP2 FUV, FUVA
LP570-S-006-240 for SB_200-850nm",HB2034(R:1.9)/HB2094(R:1.9)(Water Quality/ DNA Detection),,
,,,SB,,,,,,SB3134/SB4134/SB4130,,
,FUVB,180-850nm,SB,500g 240nm,NP,,TL03-000-000097,LP570-S-006-240 for SB_200-850nm,SB3134(R:4.2)/SB4134(R:4.2)/SB4130(R:6.2),,
,FUV1,180-400nm,SE,1200g 300nm,NP,,TL03-000-000078,"LP360-S-009-040 For DUV3, DUV4, FUV1, FUV2 (SE)",,,
,FUV1A,180-400nm,"SE, HB",1200g 200nm,NP,,TL03-000-000078,"LP360-S-009-040 For DUV3, DUV4, FUV1, FUV2 (SE)",,,
,FUV1B,180-400nm,(N/A),500g 300nm,SH,,TL03-000-000037,"LP570-Q-008-006 For DUVN, FUVN (UV系列)",,,
,FUV2,180-500nm,SE,1200g 300nm,NP,,TL03-000-000078,"LP360-S-009-040 For DUV3, DUV4, FUV1, FUV2 (SE)",SE2030(R:1.9)(Water Quality Analysis),,
,FUV2A,180-500nm,SE,1200g 200nm,NP,,TL03-000-000078,"LP360-S-009-040 For DUV3, DUV4, FUV1, FUV2 (SE)",SE2030(R:1.9)(Water Quality Analysis),,
,,,HB,,,,,,HB2034(R:02)/HB2094(R:02)(Air Analysis),,
,FUV2B,180-500nm,HB,1200g 250nm,SH,,TL03-000-000090,LP360-S-009-200 For HB FUV2-LY,,,
,FUV3,190-340nm,SE,1800g 250nm,NP,,NA,"NA(安榮信專用波段), (其他)",,,
,FUV3A,190-340nm,SE,1800g 180nm,NP,,NA,"NA(安榮信專用波段), (其他)",,,
,FUV4,180-360nm,"SE, EE",1800g 250nm,NP,,NA,NA,,,
,FUV4A,180-360nm,SE,1800g 180nm,NP,,NA,NA,,,
,FUV5,190-380nm,SE,1800g 250nm,NP,,,,,,
,FUV6,220-420nm,SE,1800g 250nm,NP,,,,,,
,FUV7,190-430nm,SE,1600g 200nm,NP,,TL03-000-000079,"LP360-S-009-050 For FUV4, FUV5 (SE)",,,
,FUV8,180-330nm,"SE, HB",2400g 240nm,NP,,NA,NA,,,
,FUV9,190-450nm,HB,1400g 230nm,ZEISS,,TL03-000-000089,LP360-S-009-190 For HB FUV9-LY,,,
,FUV10,180-480nm,"SE, HB",1200g 200nm,NP,,TL03-000-000078,"LP360-S-009-040 For DUV3, DUV4, FUV1, FUV2 (SE)",,,
,FUV11,180-390nm,EE,1800g 250nm,NP,,NA,(no 2nd-order filter),,,
,FUV12,190-400nm,SE,1800g 250nm,NP,,TL03-000-000079,"LP360-S-009-050 For FUV4, FUV5 (SE)",,,
,FUV13,185-425nm,NV,1600g 200nm,NP,,,,,,
,FUV14,180-420nm,SE,1600g 200nm,NP,,TL03-000-000079,"LP360-S-009-050 For FUV4, FUV5 (SE)",,,
,FUV15,180-470nm,SB,900g 200nm,SH,,TL03-000-000103,LP450-S-007-290 for SB_180-470nm,,,
,"FUV16
(光柵效率不好，不再生產)",180-800nm,SB,500g 240nm,NP,,TL03-000-000097,LP570-S-006-240 for SB_200-850nm,,,
,FUV17,190-860nm,SE,600g 250nm,NP,,TL03-000-000084,"LP450-S-007-070, For TP1 FUV, V2, V4 , TP2 VB",,,
,FUV18,200-350nm,SE,2400g 240nm,NP,,NA,NA,,,
,FUV19,180-700nm,SB,600g 250nm,NP,,TL03-000-000103,LP450-S-007-290 for SB_180-470nm,,,
,FUV20,180-350nm,SB,1200g,,,,,,,業務預定波段，3月底沒來需求再取消
,FUV21,180-800nm,SB,500g 330nm,,,TL03-000-000097,LP570-S-006-240 for SB_200-850nm,,,
,VNIR,350-1020nm,"SE, EE, AA,",600g 500nm,"OM, NP, SH",,TL03-000-000033,LP570-W-002-001 For VNIR,"SE2030(R:1.9)/SE4030(R:1.9)/SE2090(R:1.9)/SE2120(R:1.9)/SE4120(R:1.9)(LED Test)
SE1040(R:1.9)(Educational Requirement)",,
,,,HB,,,,,,"HB2034(R:1.9)/HB2094(R:1.9)(LED Test)
HB2034(Food Analysis)",,
,VNIRA,350-1020nm,SE,600g 250nm,NP,,TL03-000-000033,LP570-W-002-001 For VNIR,"SE2030(R:1.9)/SE4030(R:1.9)/SE2090(R:1.9)/SE2120(R:1.9)/SE4120(R:1.9)(LED Test)
SE1040(Educational Requirement)",,
,VNIRB,350-1020nm,SE,600g 400nm,"OM, NP",,TL03-000-000033,LP570-W-002-001 For VNIR,"SE2030(R:1.9)/SE4030(R:1.9)/SE2090(R:1.9)/SE2120(R:1.9)/SE4120(R:1.9)(LED Test)
SE1040(Educational Requirement)",,
,VNIRC,350-1020nm,SE,600g 800nm,NP,,TL03-000-000033,LP570-W-002-001 For VNIR,"SE2030(R:1.9)/SE4030(R:1.9)/SE2090(R:1.9)/SE2120(R:1.9)/SE4120(R:1.9)(LED Test)
SE1040(Educational Requirement)",,
,VNIRD,350-1020nm,HB,500g 560nm,NP,,TL03-000-000033,LP570-W-002-001 For VNIR,"HB2034(R:1.9)/ HB2094(R:1.9)(LED Test)
HB2034(R:2.3)(Food Analysis)",,
,VNIRE,350-1020nm,SE,600g 1000nm,OM,,TL03-000-000033,LP570-W-002-001 For VNIR,SE2030(R:1.9)/SE4030(R:1.9)/SE2090(R:1.9)/SE2120(R:1.9)/SE4120(R:1.9)(LED Test),,
,VNIRF,350-1020nm,HB,600g 500nm,OM,,"TL03-000-000033+
客供MEQ filter",LP570-W-002-001 For VNIR,"HB2034(R:1.9)/ HB2094(R:1.9)(LED Test)
HB2034(R:2.3)(Food Analysis)",,
,VNIRG,350-1020nm,SE,400g 550nm,NP,,TL03-000-000033,"LP570-W-002-010, For VNIR",SE2030(R:1.9)/SE4030(R:1.9)/SE2090(R:1.9)/SE2120(R:1.9)/SE4120(R:1.9)(LED Test),,
,VNIR1,400-1070nm,"SE, EE",600g 1000nm,OM,,TL03-000-000033,LP570-W-002-001 For VNIR,,,
,VNIR1A,400-1070nm,EE,600g 800nm,OM,,TL03-000-000033,LP570-W-002-001 For VNIR,,,
,VNIR2,350-1020nm,SE,600g 500nm,OM,,NA,(no 2nd-order filter),,,
,VNIR4,450-1100nm,SE,600g 1000nm,OM,,TL03-000-000033,"LP570-W-002-010, For VNIR",,,
,VNIR5,300-1200nm,EE,300g 422nm,NP,,TL03-000-000033,"LP570-W-002-010, For VNIR",,,
,VNIR6,330-1050nm,PH,500g 330nm,NP,,TL03-000-000070,"LP570-W-002-009 VNIR, VNIR6 For PH(TP3)",PH2014(R:2.2),,
,VNIR6A,330-1050nm,PH,500g 770nm,NP,,TL03-000-000070,"LP570-W-002-009 VNIR, VNIR6 For PH(TP3)",PH2014(R:2.2),,
,VNIR7,300-1100nm,HB,300g 300nm,OM,,TL03-000-000033,"LP570-W-002-010, For VNIR",,,
,VNIR7A,300-1100nm,"EE,SE",500g 560nm,NP,,TL03-000-000096,LP570-S-008-270 6060 FOR VNIR7A,,,
,VNIR7B,300-1100nm,SB,300g 500nm,NP,,,,,,
,VNIR8,500-900nm,SE,900g 500mn,OM,,TL03-000-000084,"LP450-S-007-007 For TP1 FUV, V2, V4 ; TP2 VB",,,
,VNIR9,600-1000nm,SE,830g 800nm,NP,,TL03-000-000046,"LP570-W-001-120, Entrance filter for NIRx (非NIRA)",,,
,VNIR10,445-1100nm,SE,600g 400nm,"OM, NP",,TL03-000-000033,"LP570-W-002-010, For VNIR",,,
,VNIR10A,445-1100nm,SE,600g 1000nm,OM,,TL03-000-000033,"LP570-W-002-010, For VNIR",,,
,VNIR10B,445-1100nm,SE,600g 500nm,NP,,TL03-000-000033,"LP570-W-002-010, For VNIR",,,
,VNIR11,330-950nm,CR,150g 200-1200nm,GW,,TL03-000-000087,LP500-Q-006-160 6060 For CR,,,
,VNIR12,430-1050nm,SE,600g 1000nm,OM,,TL03-000-000033,"LP570-W-002-010, For VNIR",,,
,VNIR13,650-1200nm,SE,600g 1000nm,OM,,TL03-000-000033,"LP570-W-002-010, For VNIR",,,
,VNIR14,300-970nm,SE,600g 400nm,OM,,TL03-000-000033,"LP570-W-002-010, For VNIR",,,
,VNIR15,580-1100nm,SE,600g 1000nm,OM,,TL03-000-000033,"LP570-W-002-010, For VNIR",,,
,VNIR16,500-1000nm,SE,600g 800nm,NP,,TL03-000-000033,"LP570-W-002-010, For VNIR",,,
,VNIR17,400-1050nm,PH,500g 330nm,NP,,TL03-000-000070,"LP570-W-002-090, VNIR, VNIR6 For PH(TP3)",,,
,,,,,,,TL03-000-000086,"LP450-S-007-150, Entrance filter for TP2 V13, V13A",,,
,VNIR17A,400-1050nm,PH,500g 770nm,NP,,"TL03-000-000070
TL03-000-000074","LP570-W-002-009 VNIR, VNIR6 For PH(TP3)",,,
,,,,,,,TL03-000-000086,"LP450-Q-007-150, Entrance filter for TP2 V13, V13A",,,
,VNIR18,430-1100nm,SE,600g 1000nm,OM,,TL03-000-000033,LP570-W-002-001 For VNIR,,,
,VNIR19,500-1100nm,SE,600g 1000nm,OM,,TL03-000-000033,LP570-W-002-001 For VNIR,,,
,VNIR19A,500-1100nm,SE,600g 500nm,OM,,TL03-000-000033,LP570-W-002-001 For VNIR,,,
,VNIR20,400-1000nm,PH4134,400g 550nm,NP,,,,,,
,VNIR21,380-1045nm,SE,600g 500nm,OM,,TL03-000-000033,"LP570-W-002-010, For VNIR",,,
,VNIR21A,380-1045nm,SE,600g 400nm,OM,,TL03-000-000033,"LP570-W-002-010, For VNIR",,,
,VNIR22,600-1070nm,SB,400g 850nm,NP,,TL03-000-000097,LP570-S-006-240 for SB_200-850nm,,,
,DUVN,200-1025nm,"SE, EE, AA, PEM, HB",500g 330nm,NP,,TL03-000-000037,"LP570-Q-008-006 For DUVN, FUVN (UV系列)",,,
,DUVNA,200-1025nm,"SE, HB",500g 770nm,NP,,TL03-000-000037,"LP570-Q-008-006 For DUVN, FUVN (UV系列)",,,
,DUVN1,275-1100nm,"SE,",500g 770nm,NP,,TL03-000-000096,"LP570-Q-008-006 For DUVN, FUVN (UV系列)",,,
,DUVN1A,275-1100nm,"SE,",500g 330nm,SH,,TL03-000-000096,"LP570-Q-008-006 For DUVN, FUVN (UV系列)",,,
,DUVN2,200-1050nm,PH,150g 250nm,NP,,TL03-000-000094,LP570-S-006-230 for PH2034-DUVN2,PH1034(R:10)/PH2034(R:10)/PH4134(R:1.85),,
,DUVN2A,200-1050nm,PH,150g 300nm,NP,,TL03-000-000094,LP570-S-006-230 for PH2034-DUVN2,PH1034(R:10)/PH2034(R:10)/PH4134(R:1.85),,
,DUVN3,230-1055nm,SE,500g 560nm,NP,,TL03-000-000098,LP570-S-008-060 (UV系列),,,
,DUVN4,285-1100nm,EE,500g 330nm,NP,,TL03-000-000037,"LP570-Q-008-006 For DUVN, FUVN (UV系列)",,,
,DUVN5,250-1070nm,SB,400g 550nm,NP,,TL03-000-000097,LP570-S-006-240 for SB_200-850nm,,,
,DUVN5A,250-1070nm,SB,400g 850nm,NP,,TL03-000-000097,LP570-S-006-240 for SB_200-850nm,,,
,FUVN,180-1100nm,SE,300g 300nm,OM,,TL03-000-000037,"LP570-Q-008-006 For DUVN, FUVN (UV系列)","SE2030(R:3.2)/SE2090(R:3.2)(Film Thickness Measurement)
SE2030(R:3.2)(Food Analysis)",,
,,,EE,,,,,,EE2063(R:0.2)/EE2093(R:10),,
,,,HB,,,,,,"HB2034(R:3.4)/HB2094(R:3.4)(Film Thickness Measurement)
HB2034(R:2.3)(Food Analysis)",,
,FUVNA,180-1100nm,SE,300g 230nm,NP,,TL03-000-000037,"LP570-Q-008-006 For DUVN, FUVN (UV系列)","SE2030(R:3.2)/SE2090(R:3.2)(Film Thickness Measurement)
SE2030(R:3.2)(Food Analysis)
",,
,,,HB,,,,,,"HB2034(R:3.4)/HB2094(R:3.4)(Film Thickness Measurement)
HB2034(R:2.3)(Food Analysis)",,
,FUVNB,180-1100nm,"SE,EE",400g 250nm,NP,,TL03-000-000037,"LP570-Q-008-006 For DUVN, FUVN (UV系列)","SE2030(R:3.2)/SE2090(R:3.2)(Film Thickness Measurement)
SE2030(R:3.2)(Food Analysis)",,
,FUVNC,180-1100nm,SE,300g 200nm,SH,,TL03-000-000037,"LP570-Q-008-006 For DUVN, FUVN (UV系列)","SE2030(R:3.2)/SE2090(R:3.2)(Film Thickness Measurement)
SE2030(R:3.2)(Food Analysis)",,
,FUVN2,180-1100nm,SE,300g 280/580nm,OM,(300/Dual Zone Grating),TL03-000-000037,"LP570-Q-008-006 For DUVN, FUVN (UV系列)","SE2030(R:3.2)/SE2090(R:3.2)(Film Thickness Measurement)
SE2030(R:3.2)(Food Analysis)",,
,,,EE,,,,,,EE2063(R:0.2)/EE2093(R:10),,
,FUVN3,190-1015nm,SE,500g/330nm,NP,,,,,,
,NIR1,790-1010nm,"SE, EE, ",1200g 850nm,NP,,TL03-000-000046,"LP570-W-001-120, Entrance filter for NIRx (非NIRA)",SE2030(R:0.9)/S2080(R:0.9)(OCT Application),,
,,,HB,,,,,,HB2034/ HB2114(Raman Detection),,
,NIR1R,790-1010nm,EE,1200g 850nm,NP,,TL03-000-000050,LP785 785nm OD6 Long pass filter For RAMAN,,,
,NIR2,780-1000nm,"SE, HB, SS",1200g 850nm,NP,,TL03-000-000046,"LP570-W-001-120, Entrance filter for NIRx (非NIRA)",,,
,NIR3,790-1080nm,SE,1000g 900nm,NP,,TL03-000-000046,"LP570-W-001-120, Entrance filter for NIRx (非NIRA)",,,
,NIR4,790-1090nm,"SE, EE, ",1000g 900nm,NP,,TL03-000-000046,"LP570-W-001-120, Entrance filter for NIRx (非NIRA)",SE2030(R:1.1)/SE2110(R:1.1)/SE2120(R:1.1)(Raman Detection),,
,,,HB,,,,,,"HB2034(R:0.6)/HB2114(R:0.6)(Raman Detection)
HB2034/HB2094(R:0.6)(OCT Application)",,
,NIR4R,790-1090nm,HB,1000g 900nm,NP,,TL03-000-000050,LP785 785nm OD6 Long pass filter For RAMAN,"HB2034(R:0.6)/HB2114(R:0.6)(Raman Detection)
HB2034/HB2094(R:0.6)(OCT Application)",,
,NIR5,795-1020nm,SE,1200g 850nm,NP,,TL03-000-000046,"LP570-W-001-120, Entrance filter for NIRx (非NIRA)",,,
,NIR6,700-1100nm,SE,830g 800nm,NP,,TL03-000-000046,"LP570-W-001-120, Entrance filter for NIRx (非NIRA)",,,
,NIR7,800-1020nm,SE,1200g 850nm,NP,,TL03-000-000046,"LP570-W-001-120, Entrance filter for NIRx (非NIRA)",,,
,NIR8,800-1100nm,EE,1000g 900nm,NP,,TL03-000-000046,"LP570-W-001-120, Entrance filter for NIRx (非NIRA)",,,
,NIR9,840-1060nm,HB,1200g 850nm,NP,,TL03-000-000046,"LP570-W-001-120, Entrance filter for NIRx (非NIRA)",,,
,NIR10,800-1100nm,EE,950g1000nm,NP,,TL03-000-000046,"LP570-W-001-120, Entrance filter for NIRx (非NIRA)",,,
,VV1,730-800nm,OW,1350g 650nm,NP,,TL03-000-000046,"LP570-W-001-120, Entrance filter for NIRx (非NIRA)",,,
,NIRV1,835-955nm,OW,1000g 900nm,NP,,TL03-000-000046,"LP570-W-001-120, Entrance filter for NIRx (非NIRA)",,,
,NIRV2,810-875nm,OW,1350g 650nm,NP,,TL03-000-000046,"LP570-W-001-120, Entrance filter for NIRx (非NIRA)",,,
,NIRV3,920-970nm,OW,1350g 650nm,NP,,TL03-000-000046,"LP570-W-001-120, Entrance filter for NIRx (非NIRA)",,,
,NIRV4,(待確認),OW,1500g 600nm,NP,,TL03-000-000046,"LP570-W-001-120, Entrance filter for NIRx (非NIRA)",,,
,NIRV5,845-945nm,OW,1100g 900nm,NP,,TL03-000-000046,"LP570-W-001-120, Entrance filter for NIRx (非NIRA)",,,
,NIRV7,810-980nm,OW,830g 900nm,NP,,TL03-000-000046,"LP570-W-001-120, Entrance filter for NIRx (非NIRA)",,,
,NIRV6,960-1000nm,OW,1350g 650nm,NP,,TL03-000-000046,"LP570-W-001-120, Entrance filter for NIRx (非NIRA)",,,
,NIRV8,1000-1100nm,OW,1000g 900nm,NP,,TL03-000-000046,"LP570-W-001-120, Entrance filter for NIRx (非NIRA)",,,
,NIRA,950-1700nm,"SW, RS, VC, CS2SW","236.8g 1350nm, Angle 9.2°",NP,,"TL03-000-000051+
TL03-000-000088","LP875-W-NA-140, Entrance Filter for NIRA, NIRB, NIRC+
LP850-C-NA-002",RS1680(R:11)/RS1780(R:9),,
,NIRA1,950-1700nm,PH-NIR (PH25x4),150g 1250nm,NP,,,,,,
,NIRA2,950-1700nm,PH-NIR (PH25x4),300g 1200nm,NP,,,,,,
,NIRA4,950-1700nm,SW2520,120g 1000nm,SH,,"TL03-000-000051+
TL03-000-000088","LP875-W-NA-140, Entrance Filter for NIRA, NIRB, NIRC+
LP850-C-NA-002",,Q:為何2520還有950-1700nm(P12),
,NIRB,900-1650nm,SW,"236.8g 1350nm, Angle 9.2°",NP,,"TL03-000-000051+
TL03-000-000088","LP875-W-NA-140, Entrance Filter for NIRA, NIRB, NIRC+
LP850-C-NA-002",,,
,NIRB1,900-1650nm,SW,250g 1000nm,NP,,"TL03-000-000051+
TL03-000-000088","LP875-W-NA-140, Entrance Filter for NIRA, NIRB, NIRC+
LP850-C-NA-002",,,
,NIRB4,900-1650nm,SW2520,120g 1000nm,SH,,"TL03-000-000051+
TL03-000-000088","LP875-W-NA-140, Entrance Filter for NIRA, NIRB, NIRC+
LP850-C-NA-002",,Q:為何2520還有950-1700nm(P12),
,NIRC,900-1700nm,"SW, AA, CS2SW","236.8g 1350nm, Angle 9.2°",NP,,"TL03-000-000051+
TL03-000-000088","LP875-W-NA-140, Entrance Filter for NIRA, NIRB, NIRC+
LP850-C-NA-002","一階致冷-SW2860(R:6)/SW2870(R:5)
SW2520(R:11)/ SW2560(R:6)/SW2570(R:4)",,
,NIRC1,900-1700nm,PH2524,150g 1250nm,NP,,"TL03-000-000051+
TL03-000-000088","LP875-W-NA-140, Entrance Filter for NIRA, NIRB, NIRC+
LP850-C-NA-002",PH2524(R:14)/ PH2534(R:6),,
,NIRC2,900-1700nm,PH2534,300g 1200nm,NP,,"PH-NIR: 
TL03-000-000051+
TL03-000-000088
DF: 
TL03-000-000083","LP875-W-NA-140, Entrance Filter for NIRA, NIRB, NIRC+
LP850-C-NA-002
LP875-W-NA-170",PH2524(R:14)/ PH2534(R:6),,
,,,DF,,,,,,DF1514(R:<12),,
,NIRC3,900-1700nm,RB,293.53g 1300nm,NP,,TL03-000-000088,LP850-C-NA-002,RB4524(R:13.5)/RB4564(R:8.5),,
,NIRC4,900-1700nm,SW2520,120g 1000nm,SH,,"TL03-000-000051+
TL03-000-000088","LP875-W-NA-140, Entrance Filter for NIRA, NIRB, NIRC+
LP850-C-NA-002","一階致冷-SW2860(R:6)/SW2870(R:5)
SW2520(R:11)/ SW2560(R:6)/SW2570(R:4)",,
,NIRD,900-2500nm,SW,120g 1800nm,SH,,"TL03-000-000064+
TL03-000-000088+
TL03-000-000051","LP1350-W-010-010, For NIRD+
LP850-C-NA-002
LP875-W-NA-140, Entrance Filter for NIRA, NIRB, NIRC",二階致冷-SW2960(R:10.5)/SW2970(R:9),,
,NIRE,1090-1450nm,SW,400g 1200nm,NP,,TL03-000-000088,LP850-C-NA-002,,,
,NIRF,1080-1440nm,SW,400g 1200nm,NP,,TL03-000-000088,LP850-C-NA-002,,,
,NIRG,1290-1650nm,SW,400g 1200nm,NP,,TL03-000-000088,LP850-C-NA-002,,,
,NIRH,900-1800nm,SW,200g 1050nm,NP,,"TL03-000-000051+
TL03-000-000088","LP875-W-NA-140, Entrance Filter for NIRA, NIRB, NIRC+
LP850-C-NA-002",,,
,NIRH1,900-1800nm,SW,200g 1550nm,NP,,"TL03-000-000051+
TL03-000-000088","LP875-W-NA-140, Entrance Filter for NIRA, NIRB, NIRC+
LP850-C-NA-002",,,
,NIRJ,950-1750nm,SW,"236.8g 1350nm, Angle 9.2°",NP,,"TL03-000-000051+
TL03-000-000088","LP875-W-NA-140, Entrance Filter for NIRA, NIRB, NIRC+
LP850-C-NA-002",,,
,NIRK,1450-1650nm,SW,600g 1600nm,NP,,"TL03-000-000051+
TL03-000-000088","LP875-W-NA-140, Entrance Filter for NIRA, NIRB, NIRC+
LP850-C-NA-002",,,
,NIRL,1240-1390nm,SW,830g 1200nm,NP,,"TL03-000-000051+
TL03-000-000088","LP875-W-NA-140, Entrance Filter for NIRA, NIRB, NIRC+
LP850-C-NA-002",,,
,NIRM,1340-2280nm,DF,265g 1600nm,NP,,"TL03-000-000106+
TL03-000-000107","LP1000-C-NA-300, For DF-NIRM+
LP1270-W-004-170, For DF-NIRM",DF1824(R:<14),,
,NIRN,1600-1950nm,SW,400g 1600nm,NP,,,,,,
,NIRP,1600-2500nm,SW,200g 1550nm,NP,,"TL03-000-000099+
TL03-000-000088","LP1290-W-004-020, LP1290 Entrance filter+
LP850-C-NA-002",,,
停用,NIRQ,1522-1578nm,"PD, MG",830g 1200nm,NP,,,,PD2570(R:<0.2),,
,NIRS,1050-1650nm,SW,300g 1200nm,NP,,"TL03-000-000051+
TL03-000-000088","LP875-W-NA-140, Entrance Filter for NIRA, NIRB, NIRC+
LP850-C-NA-002",,,
"穿透式光路
NIR",NIRT1,800-880nm,DB,1800g 840nm,WS,,NA,,DB1020F(R:0.04nm)/DB1080F(R:0.04nm),,
,NIRT1B,800-880nm,PD,1200g 850nm,NP,,,,,,
,NIRT2,830-970nm,MR,1500g 930nm,II-VI,,NA,,MR1080(840nm-R:0.076；881nm-R:0.088；937nm-R:0.079),,
,NIRT3,750-925nm,PD,1000g 900nm,NP,,TL03-000-000054,"LP500-Q-006-150, LP500 Entrance filter",,,
,NIRT4,1270-1350,PD,750g 1200nm,NP,,,,,,
,NIRT5,802-878nm,PD,1500g 600nm,NP,,TL03-000-000021,Glass (EXG0.5) CCD554/S11639,,,
,NIRT6,1522-1578nm,"PD, MG",830g 1200nm,NP,,,,,,
,NIRT7,790-960nm,MG,1000g 900nm,NP,,TL03-000-000050,"LP785-S-NA-010, Entrance Filter for NIR1, NIR4 Raman",,,
,NIRT8,1060-1200nm,MG,600g 1200nm,NP,,TL03-000-000088,LP850-C-NA-002,,,
,NIRT9,900-1050nm,MG,600g 1200nm,NP,,TL03-000-000046,"LP570-W-001-120, Entrance filter for NIRx (非NIRA)",,,
,NIRT10,780-900nm,PD,1200g 850nm,NP,,TL03-000-000054,"LP500-Q-006-150, LP500 Entrance filter",,,
,NIRT11,1500-1600nm,PD,600g 1600nm,NP,,TL03-000-000088,LP850-C-NA-002,,,
,NIRU,910-2200nm,SW,150g 1250nm,NP,,TL03-000-000102,"LP1270-W-004-010, For NIRT",二階致冷-SW2930(R:7),,
,NIRU1,910-2200nm,SW,150g 1450nm,NP,,TL03-000-000102,"LP1270-W-004-010, For NIRT",二階致冷-SW2930(R:7),,
,DUV5,200-870nm,SE,600g 300nm,OM,,TL03-000-000035,"LP450-Q-007-007 For TP1 FUV, V2, V4 ; TP2 VB",,,